{"cameraMode":{"drawMode":0,"name":"Shaded","section":"Shading Mode"},"sceneLighting":false,"audioPlay":false,"sceneViewState":{"m_AlwaysRefresh":false,"showFog":true,"showSkybox":false,"showFlares":true,"showImageEffects":true,"showParticleSystems":true,"showVisualEffectGraphs":true,"m_FxEnabled":true},"in2DMode":false,"pivot":{"x":-1.1920928955078126e-7,"y":0.1592525839805603,"z":1.1920928955078126e-7},"rotation":{"x":-0.3514355719089508,"y":0.03789934515953064,"z":-0.014240611344575882,"w":-0.9353423714637756},"size":1.6439601182937623,"orthographic":false}