{"cameraMode":{"drawMode":0,"name":"Shaded","section":"Shading Mode"},"sceneLighting":false,"audioPlay":false,"sceneViewState":{"m_AlwaysRefresh":false,"showFog":true,"showSkybox":false,"showFlares":true,"showImageEffects":true,"showParticleSystems":true,"showVisualEffectGraphs":true,"m_FxEnabled":true},"in2DMode":false,"pivot":{"x":-0.00993359461426735,"y":0.23099717497825623,"z":0.03267872333526611},"rotation":{"x":0.18819011747837068,"y":-0.39341431856155398,"z":0.08267655223608017,"w":0.8961723446846008},"size":0.29649031162261965,"orthographic":false}