{"cameraMode":{"drawMode":0,"name":"Shaded","section":"Shading Mode"},"sceneLighting":false,"audioPlay":false,"sceneViewState":{"m_AlwaysRefresh":false,"showFog":true,"showSkybox":false,"showFlares":true,"showImageEffects":true,"showParticleSystems":true,"showVisualEffectGraphs":true,"m_FxEnabled":true},"in2DMode":false,"pivot":{"x":2.5299999713897707,"y":15.34000015258789,"z":-0.13867780566215516},"rotation":{"x":0.25013405084609988,"y":0.12535862624645234,"z":-0.032681312412023547,"w":0.9595269560813904},"size":0.6354175209999085,"orthographic":false}