{"cameraMode":{"drawMode":0,"name":"Shaded","section":"Shading Mode"},"sceneLighting":false,"audioPlay":false,"sceneViewState":{"m_AlwaysRefresh":false,"showFog":true,"showSkybox":false,"showFlares":true,"showImageEffects":true,"showParticleSystems":true,"showVisualEffectGraphs":true,"m_FxEnabled":true},"in2DMode":false,"pivot":{"x":0.034999996423721316,"y":0.12209939956665039,"z":0.012499988079071045},"rotation":{"x":-0.3514355719089508,"y":0.03789934515953064,"z":-0.014240611344575882,"w":-0.9353423714637756},"size":1.432279348373413,"orthographic":false}