{"cameraMode":{"drawMode":0,"name":"Shaded","section":"Shading Mode"},"sceneLighting":false,"audioPlay":false,"sceneViewState":{"m_AlwaysRefresh":false,"showFog":true,"showSkybox":false,"showFlares":true,"showImageEffects":true,"showParticleSystems":true,"showVisualEffectGraphs":true,"m_FxEnabled":true},"in2DMode":false,"pivot":{"x":-0.344893217086792,"y":0.8834471702575684,"z":0.07202911376953125},"rotation":{"x":0.27905112504959109,"y":-0.11800903081893921,"z":0.03457823395729065,"w":0.952438235282898},"size":1.9639180898666382,"orthographic":false}